1,1,NULL,14%,19%,50%,39%,13%,63%,22%,97%,58%,85%,45%,48%,11%,21%
1,2,NULL,28%,30%,13%,28%,53%,19%,17%,75%,24%,13%,97%,67%,11%,38%
1,3,NULL,72%,45%,92%,22%,100%,27%,87%,2%,22%,29%,4%,60%,80%,58%
1,4,NULL,17%,21%,32%,62%,79%,39%,40%,69%,26%,72%,89%,48%,56%,49%
1,5,NULL,55%,75%,32%,13%,80%,87%,8%,69%,5%,34%,32%,88%,56%,31%
1,6,NULL,67%,85%,32%,82%,16%,57%,49%,37%,74%,88%,8%,14%,38%,65%
1,7,NULL,98%,67%,47%,16%,30%,26%,9%,25%,60%,58%,41%,59%,49%,26%
1,8,NULL,23%,15%,25%,92%,29%,77%,100%,13%,91%,51%,42%,57%,87%,48%
1,9,NULL,5%,1%,85%,57%,70%,13%,100%,62%,29%,22%,86%,12%,73%,23%
1,10,NULL,93%,27%,21%,51%,14%,60%,64%,22%,31%,16%,79%,19%,90%,11%
1,11,NULL,97%,52%,50%,33%,33%,99%,91%,100%,62%,57%,30%,22%,77%,71%
1,12,NULL,56%,59%,46%,76%,79%,53%,92%,20%,59%,9%,85%,18%,26%,71%
1,13,NULL,56%,97%,32%,69%,83%,43%,76%,7%,96%,33%,83%,10%,80%,26%
1,14,NULL,20%,66%,50%,73%,93%,9%,60%,14%,55%,88%,5%,23%,79%,42%
1,15,NULL,39%,90%,11%,81%,78%,50%,70%,45%,55%,50%,4%,63%,56%,18%
1,16,NULL,25%,18%,39%,84%,41%,36%,52%,76%,86%,50%,9%,54%,85%,92%
1,17,NULL,7%,88%,90%,95%,79%,49%,34%,84%,67%,46%,31%,98%,25%,26%
1,18,NULL,32%,95%,49%,94%,77%,47%,38%,71%,43%,49%,32%,79%,78%,90%
1,19,NULL,50%,7%,78%,58%,90%,33%,35%,92%,27%,50%,56%,86%,29%,88%
1,20,NULL,4%,30%,41%,86%,46%,8%,45%,42%,58%,29%,100%,8%,27%,23%
1,21,NULL,85%,98%,36%,92%,48%,53%,85%,51%,49%,26%,86%,96%,99%,18%
1,22,NULL,15%,41%,26%,38%,76%,36%,87%,54%,45%,79%,100%,18%,11%,72%
1,23,NULL,38%,51%,15%,77%,11%,40%,36%,82%,14%,92%,23%,30%,44%,40%
1,24,NULL,97%,19%,50%,79%,37%,48%,48%,66%,89%,48%,15%,96%,37%,75%
1,25,NULL,34%,98%,66%,81%,18%,48%,1%,24%,15%,60%,39%,6%,64%,99%
1,26,NULL,97%,48%,5%,91%,80%,86%,83%,91%,1%,39%,71%,18%,2%,91%
1,27,NULL,48%,19%,43%,51%,16%,64%,14%,75%,69%,29%,66%,31%,12%,88%
1,28,NULL,26%,79%,26%,69%,99%,3%,79%,15%,21%,37%,94%,72%,34%,31%
1,29,NULL,72%,84%,13%,57%,90%,100%,65%,53%,39%,10%,10%,93%,53%,1%
1,30,NULL,37%,60%,10%,90%,12%,71%,79%,81%,83%,24%,59%,56%,15%,75%
1,31,NULL,41%,85%,43%,98%,7%,83%,36%,72%,89%,71%,3%,94%,65%,83%
1,32,NULL,9%,65%,39%,98%,82%,43%,66%,80%,87%,88%,64%,100%,17%,99%
1,33,NULL,18%,37%,56%,34%,7%,75%,96%,9%,53%,29%,15%,87%,82%,23%
1,34,NULL,82%,40%,12%,64%,84%,79%,68%,68%,45%,83%,29%,35%,69%,8%
1,35,NULL,5%,22%,18%,23%,43%,28%,93%,31%,61%,55%,96%,55%,100%,27%
1,36,NULL,58%,26%,16%,28%,6%,45%,94%,10%,62%,26%,14%,56%,20%,25%
1,37,NULL,66%,87%,31%,19%,54%,13%,44%,37%,81%,42%,12%,70%,2%,65%
1,38,NULL,95%,93%,67%,86%,96%,57%,63%,60%,91%,35%,38%,82%,12%,23%
1,39,NULL,21%,87%,44%,11%,11%,58%,9%,45%,25%,4%,59%,12%,22%,63%
1,40,NULL,36%,73%,34%,21%,33%,84%,86%,37%,96%,34%,77%,69%,78%,11%
1,41,NULL,42%,8%,29%,54%,86%,79%,36%,33%,30%,30%,51%,93%,56%,66%
1,42,NULL,71%,92%,68%,84%,2%,99%,78%,71%,3%,51%,50%,96%,48%,76%
1,43,NULL,19%,86%,13%,53%,25%,21%,60%,80%,64%,34%,22%,2%,82%,65%
1,44,NULL,68%,54%,49%,56%,68%,31%,77%,92%,13%,92%,33%,5%,19%,40%
1,45,NULL,55%,87%,94%,72%,8%,8%,88%,44%,33%,16%,45%,29%,60%,99%
1,46,NULL,73%,27%,68%,46%,80%,11%,60%,76%,88%,69%,12%,71%,77%,3%
1,47,NULL,8%,27%,56%,93%,83%,38%,32%,10%,69%,88%,68%,36%,86%,72%
1,48,NULL,63%,20%,86%,22%,63%,92%,16%,2%,19%,8%,66%,67%,12%,38%
1,49,NULL,53%,79%,7%,36%,31%,75%,92%,34%,7%,10%,84%,47%,50%,96%
1,50,NULL,32%,93%,67%,44%,37%,50%,98%,41%,41%,52%,26%,96%,28%,80%
1,51,NULL,71%,37%,91%,82%,32%,27%,94%,1%,12%,75%,76%,93%,24%,84%
1,52,NULL,52%,47%,54%,73%,72%,73%,98%,60%,82%,62%,61%,37%,58%,68%
2,1,77%,66%,60%,63%,86%,33%,31%,37%,94%,16%,55%,66%,87%,44%,30%
2,2,4%,1%,12%,70%,4%,38%,73%,1%,74%,77%,26%,30%,54%,17%,75%
2,3,94%,14%,34%,87%,45%,19%,85%,55%,60%,14%,14%,43%,49%,92%,84%
2,4,27%,41%,25%,27%,30%,60%,80%,53%,16%,45%,17%,39%,27%,30%,87%
2,5,22%,54%,50%,18%,93%,68%,84%,74%,60%,93%,71%,5%,29%,39%,51%
2,6,34%,72%,42%,99%,62%,38%,94%,42%,72%,61%,8%,87%,47%,57%,55%
2,7,43%,66%,29%,73%,35%,6%,96%,86%,1%,37%,52%,68%,20%,33%,60%
2,8,55%,40%,74%,70%,15%,51%,89%,97%,26%,34%,96%,82%,25%,59%,85%
2,9,84%,40%,16%,15%,15%,14%,41%,27%,43%,76%,8%,61%,28%,43%,31%
2,10,69%,42%,17%,90%,83%,68%,8%,59%,9%,22%,39%,58%,15%,71%,34%
2,11,15%,45%,52%,10%,25%,90%,97%,38%,47%,60%,19%,77%,76%,36%,34%
2,12,96%,41%,10%,85%,48%,75%,90%,96%,86%,76%,30%,76%,31%,85%,1%
2,13,29%,25%,39%,85%,94%,69%,47%,22%,74%,8%,54%,38%,46%,82%,37%
2,14,12%,60%,23%,63%,93%,56%,9%,98%,91%,34%,95%,44%,49%,88%,15%
2,15,92%,15%,35%,81%,70%,79%,91%,3%,51%,75%,83%,30%,48%,3%,67%
2,16,34%,12%,37%,37%,65%,75%,27%,96%,68%,48%,67%,28%,70%,10%,73%
2,17,90%,67%,50%,12%,1%,67%,54%,14%,51%,9%,17%,36%,96%,27%,77%
2,18,86%,47%,32%,53%,30%,55%,63%,36%,57%,50%,91%,83%,38%,50%,72%
2,19,79%,58%,87%,93%,41%,75%,58%,40%,26%,10%,98%,50%,81%,30%,27%
2,20,35%,68%,8%,3%,69%,24%,78%,11%,29%,29%,43%,30%,61%,32%,41%
2,21,69%,41%,80%,74%,48%,37%,85%,70%,62%,96%,6%,72%,2%,39%,1%
2,22,52%,77%,24%,54%,11%,60%,93%,98%,48%,78%,54%,22%,76%,2%,17%
2,23,29%,24%,56%,86%,67%,98%,23%,1%,15%,31%,24%,28%,33%,59%,27%
2,24,38%,51%,37%,92%,40%,37%,12%,29%,96%,85%,38%,98%,32%,62%,7%
2,25,93%,29%,70%,78%,7%,87%,37%,29%,84%,90%,52%,60%,74%,17%,16%
2,26,82%,100%,94%,40%,43%,55%,81%,74%,79%,10%,20%,75%,43%,6%,13%
2,27,89%,13%,30%,84%,90%,83%,95%,32%,81%,30%,94%,96%,26%,67%,37%
2,28,49%,10%,27%,12%,89%,57%,67%,100%,90%,79%,35%,26%,99%,19%,49%
2,29,69%,77%,75%,76%,100%,6%,71%,86%,49%,73%,48%,95%,96%,84%,10%
2,30,22%,42%,55%,21%,2%,40%,26%,37%,80%,50%,75%,65%,90%,73%,18%
2,31,28%,53%,63%,44%,91%,98%,34%,100%,74%,100%,50%,13%,52%,35%,34%
2,32,29%,82%,35%,57%,69%,34%,9%,98%,27%,54%,94%,79%,58%,98%,91%
2,33,99%,98%,94%,9%,64%,90%,98%,30%,19%,17%,93%,31%,65%,9%,84%
2,34,3%,91%,53%,11%,68%,47%,27%,63%,42%,5%,71%,43%,45%,4%,43%
2,35,83%,1%,12%,10%,42%,93%,66%,9%,60%,39%,34%,49%,38%,26%,90%
2,36,11%,64%,25%,55%,9%,73%,64%,50%,74%,32%,8%,89%,43%,40%,12%
2,37,96%,13%,72%,5%,9%,10%,6%,3%,33%,85%,86%,87%,7%,45%,39%
2,38,51%,30%,15%,11%,75%,17%,73%,83%,1%,93%,6%,77%,78%,4%,17%
2,39,52%,50%,23%,49%,1%,37%,26%,1%,26%,71%,61%,93%,93%,44%,9%
2,40,55%,78%,91%,3%,50%,40%,59%,82%,71%,63%,80%,19%,37%,71%,54%
2,41,84%,61%,51%,53%,7%,79%,44%,31%,23%,20%,76%,15%,78%,30%,2%
2,42,20%,54%,98%,45%,76%,62%,84%,84%,39%,14%,27%,26%,26%,46%,84%
2,43,83%,71%,12%,66%,89%,47%,17%,46%,2%,7%,84%,47%,9%,1%,64%
2,44,64%,47%,29%,43%,52%,20%,28%,46%,60%,37%,63%,100%,38%,86%,22%
2,45,50%,85%,48%,17%,21%,2%,48%,97%,86%,6%,10%,65%,48%,45%,37%
2,46,44%,94%,14%,18%,70%,21%,73%,74%,40%,61%,51%,32%,44%,46%,72%
2,47,100%,66%,72%,39%,77%,80%,13%,100%,1%,49%,42%,46%,70%,21%,66%
2,48,17%,27%,22%,8%,47%,26%,39%,63%,42%,7%,76%,78%,47%,32%,40%
2,49,91%,91%,27%,54%,51%,66%,81%,23%,14%,53%,12%,92%,77%,33%,12%
2,50,60%,76%,97%,27%,22%,7%,12%,95%,65%,85%,24%,1%,97%,56%,58%
2,51,54%,77%,48%,2%,17%,84%,81%,3%,23%,78%,39%,50%,49%,44%,35%
2,52,83%,77%,8%,9%,59%,16%,11%,74%,84%,74%,64%,78%,69%,97%,8%
3,1,NULL,54%,16%,88%,75%,30%,21%,87%,93%,12%,100%,71%,98%,28%,30%
3,2,NULL,26%,57%,26%,44%,20%,53%,78%,27%,16%,49%,81%,33%,73%,23%
3,3,NULL,39%,39%,18%,6%,78%,62%,16%,31%,88%,65%,24%,42%,67%,11%
3,4,NULL,94%,9%,63%,81%,77%,24%,41%,68%,2%,100%,38%,100%,65%,51%
3,5,NULL,78%,44%,39%,11%,30%,83%,17%,51%,43%,40%,85%,51%,3%,39%
3,6,NULL,64%,39%,89%,55%,27%,93%,58%,36%,60%,18%,7%,98%,35%,67%
3,7,NULL,19%,10%,32%,73%,8%,8%,81%,95%,55%,79%,83%,30%,56%,42%
3,8,NULL,100%,96%,78%,43%,95%,28%,57%,15%,96%,76%,27%,51%,90%,92%
3,9,NULL,70%,93%,20%,92%,86%,98%,43%,21%,95%,24%,64%,40%,71%,83%
3,10,NULL,44%,39%,24%,39%,6%,57%,65%,95%,61%,45%,26%,58%,80%,90%
3,11,NULL,54%,30%,92%,36%,100%,53%,63%,63%,15%,11%,1%,64%,1%,82%
3,12,NULL,22%,48%,91%,15%,5%,75%,60%,71%,94%,5%,57%,82%,22%,34%
3,13,NULL,89%,59%,75%,78%,86%,63%,83%,92%,44%,88%,70%,17%,4%,12%
3,14,NULL,21%,74%,69%,35%,75%,100%,63%,57%,57%,80%,13%,58%,36%,69%
3,15,NULL,54%,8%,26%,34%,8%,64%,97%,39%,1%,37%,45%,21%,54%,79%
3,16,NULL,90%,7%,83%,93%,33%,19%,1%,61%,92%,89%,90%,15%,7%,83%
3,17,NULL,64%,95%,43%,29%,9%,45%,39%,39%,19%,81%,58%,73%,3%,19%
3,18,NULL,91%,13%,95%,76%,74%,94%,25%,54%,73%,12%,41%,44%,30%,98%
3,19,NULL,61%,26%,38%,83%,5%,61%,12%,8%,80%,36%,68%,97%,11%,11%
3,20,NULL,57%,17%,74%,39%,69%,82%,66%,14%,91%,41%,2%,48%,16%,17%
3,21,NULL,23%,20%,55%,8%,92%,100%,48%,12%,42%,41%,90%,49%,88%,48%
3,22,NULL,69%,80%,57%,66%,84%,46%,91%,86%,22%,23%,79%,6%,34%,16%
3,23,NULL,93%,63%,59%,95%,81%,16%,9%,13%,43%,80%,20%,91%,17%,19%
3,24,NULL,42%,97%,83%,72%,43%,10%,28%,72%,7%,63%,28%,73%,21%,11%
3,25,NULL,97%,43%,47%,11%,83%,71%,86%,37%,17%,56%,99%,61%,96%,81%
3,26,NULL,61%,23%,46%,34%,44%,25%,24%,52%,26%,61%,71%,33%,69%,70%
3,27,NULL,84%,59%,30%,66%,63%,52%,33%,56%,70%,40%,89%,44%,68%,75%
3,28,NULL,85%,7%,5%,20%,30%,21%,58%,56%,99%,72%,79%,22%,16%,36%
3,29,NULL,73%,31%,74%,78%,42%,38%,87%,85%,90%,48%,21%,11%,67%,5%
3,30,NULL,23%,18%,31%,64%,66%,32%,29%,38%,30%,86%,87%,29%,76%,12%
3,31,NULL,18%,44%,21%,34%,35%,96%,18%,68%,93%,100%,81%,26%,75%,21%
3,32,NULL,40%,64%,64%,52%,20%,91%,41%,34%,37%,55%,77%,6%,84%,85%
3,33,NULL,44%,97%,49%,73%,79%,8%,32%,12%,91%,61%,87%,50%,11%,75%
3,34,NULL,13%,23%,6%,92%,22%,58%,83%,27%,29%,67%,18%,91%,65%,73%
3,35,NULL,57%,66%,20%,99%,63%,36%,12%,5%,73%,84%,53%,100%,22%,50%
3,36,NULL,21%,47%,14%,45%,26%,14%,13%,69%,47%,87%,75%,11%,50%,99%
3,37,NULL,25%,90%,92%,24%,90%,35%,27%,73%,86%,7%,66%,36%,97%,49%
3,38,NULL,1%,50%,6%,8%,77%,76%,23%,28%,2%,38%,44%,89%,38%,89%
3,39,NULL,74%,38%,25%,30%,67%,35%,34%,92%,27%,42%,90%,96%,97%,88%
3,40,NULL,79%,100%,33%,77%,79%,60%,42%,71%,79%,16%,78%,28%,26%,96%
3,41,NULL,93%,55%,91%,56%,28%,29%,14%,9%,73%,92%,89%,67%,85%,38%
3,42,NULL,18%,22%,18%,57%,86%,13%,14%,13%,28%,98%,17%,30%,65%,17%
3,43,NULL,80%,37%,34%,59%,65%,27%,75%,83%,74%,76%,99%,38%,18%,1%
3,44,NULL,94%,4%,42%,97%,36%,4%,1%,79%,55%,30%,44%,38%,16%,95%
3,45,NULL,42%,18%,23%,54%,25%,29%,31%,57%,9%,26%,66%,58%,35%,90%
3,46,NULL,20%,24%,61%,48%,20%,98%,42%,62%,49%,77%,81%,64%,26%,3%
3,47,NULL,35%,15%,54%,34%,35%,70%,77%,87%,59%,41%,17%,58%,94%,74%
3,48,NULL,54%,12%,39%,44%,29%,6%,91%,91%,14%,58%,75%,97%,6%,23%
3,49,NULL,84%,90%,27%,69%,9%,74%,94%,50%,30%,30%,87%,68%,2%,6%
3,50,NULL,66%,13%,9%,3%,53%,80%,74%,74%,29%,2%,52%,29%,71%,50%
3,51,NULL,60%,1%,19%,10%,82%,97%,76%,65%,21%,22%,1%,54%,80%,59%
3,52,NULL,3%,59%,47%,30%,54%,69%,6%,65%,65%,45%,29%,35%,54%,42%
4,1,79%,20%,86%,79%,16%,90%,73%,45%,18%,77%,30%,68%,21%,65%,NULL
4,2,17%,28%,64%,88%,67%,98%,1%,74%,1%,81%,26%,6%,68%,8%,NULL
4,3,23%,40%,8%,43%,12%,81%,96%,46%,28%,29%,35%,45%,91%,43%,NULL
4,4,57%,62%,100%,72%,47%,58%,31%,85%,53%,47%,44%,21%,90%,92%,NULL
4,5,43%,33%,88%,15%,85%,18%,37%,21%,84%,45%,55%,63%,11%,11%,NULL
4,6,52%,17%,96%,96%,87%,68%,81%,87%,47%,49%,20%,51%,8%,61%,NULL
4,7,4%,8%,27%,76%,65%,7%,31%,31%,5%,99%,9%,27%,47%,72%,NULL
4,8,18%,50%,67%,68%,38%,18%,52%,24%,13%,41%,22%,94%,73%,22%,NULL
4,9,8%,12%,15%,52%,50%,98%,27%,24%,54%,14%,76%,73%,2%,12%,NULL
4,10,84%,59%,56%,30%,22%,23%,55%,100%,75%,30%,42%,69%,48%,46%,NULL
4,11,22%,43%,23%,84%,30%,69%,10%,84%,13%,91%,73%,21%,95%,96%,NULL
4,12,13%,60%,56%,33%,19%,37%,35%,100%,36%,31%,46%,49%,59%,38%,NULL
4,13,34%,95%,38%,66%,42%,27%,46%,97%,40%,7%,54%,22%,72%,39%,NULL
4,14,77%,76%,95%,76%,23%,7%,4%,67%,33%,11%,12%,91%,2%,25%,NULL
4,15,84%,80%,24%,52%,98%,16%,17%,89%,42%,94%,73%,22%,22%,18%,NULL
4,16,15%,72%,76%,96%,29%,41%,88%,18%,4%,12%,62%,1%,13%,91%,NULL
4,17,19%,60%,98%,29%,60%,14%,22%,57%,83%,2%,92%,67%,16%,76%,NULL
4,18,88%,95%,9%,13%,7%,65%,3%,75%,15%,72%,61%,73%,38%,74%,NULL
4,19,92%,35%,68%,91%,30%,41%,51%,22%,93%,38%,51%,80%,96%,31%,NULL
4,20,48%,50%,95%,68%,79%,80%,86%,100%,34%,34%,64%,90%,19%,48%,NULL
4,21,73%,65%,79%,86%,75%,53%,20%,44%,63%,81%,51%,90%,22%,43%,NULL
4,22,90%,35%,17%,5%,33%,88%,82%,46%,85%,26%,16%,75%,39%,89%,NULL
4,23,51%,1%,71%,70%,53%,10%,16%,83%,54%,29%,52%,68%,20%,38%,NULL
4,24,68%,25%,45%,12%,50%,56%,22%,36%,6%,6%,28%,66%,93%,46%,NULL
4,25,90%,75%,68%,71%,93%,87%,41%,80%,77%,86%,45%,4%,12%,66%,NULL
4,26,47%,20%,58%,90%,21%,46%,14%,66%,27%,67%,27%,17%,97%,53%,NULL
4,27,91%,25%,43%,83%,29%,16%,62%,78%,40%,44%,13%,52%,39%,62%,NULL
4,28,21%,83%,81%,12%,48%,39%,31%,50%,17%,84%,11%,35%,84%,72%,NULL
4,29,70%,43%,86%,17%,86%,9%,10%,89%,65%,40%,82%,46%,37%,97%,NULL
4,30,90%,90%,25%,68%,2%,47%,22%,58%,51%,36%,76%,73%,4%,37%,NULL
4,31,88%,6%,15%,29%,97%,78%,18%,13%,54%,20%,54%,30%,25%,53%,NULL
4,32,37%,97%,88%,100%,28%,65%,80%,16%,67%,12%,33%,72%,2%,61%,NULL
4,33,92%,59%,27%,87%,88%,53%,66%,29%,11%,52%,24%,86%,59%,17%,NULL
4,34,18%,64%,73%,20%,24%,41%,67%,96%,38%,26%,45%,55%,31%,64%,NULL
4,35,23%,86%,35%,61%,40%,74%,3%,35%,16%,86%,33%,15%,77%,8%,NULL
4,36,58%,75%,65%,93%,14%,55%,6%,42%,25%,21%,15%,95%,91%,70%,NULL
4,37,66%,88%,80%,76%,39%,2%,33%,28%,31%,94%,90%,86%,6%,89%,NULL
4,38,68%,49%,5%,84%,98%,6%,17%,76%,85%,6%,17%,30%,60%,69%,NULL
4,39,31%,79%,9%,4%,30%,94%,68%,33%,65%,71%,62%,92%,7%,42%,NULL
4,40,42%,48%,52%,36%,24%,49%,37%,55%,55%,53%,79%,31%,94%,68%,NULL
4,41,62%,63%,88%,96%,59%,53%,97%,72%,46%,76%,62%,78%,93%,5%,NULL
4,42,22%,57%,33%,71%,24%,58%,54%,79%,77%,85%,14%,29%,25%,66%,NULL
4,43,76%,11%,24%,71%,80%,1%,2%,43%,13%,65%,58%,78%,60%,92%,NULL
4,44,20%,61%,53%,83%,54%,7%,14%,31%,83%,79%,73%,99%,1%,28%,NULL
4,45,83%,35%,72%,28%,31%,80%,73%,23%,51%,39%,17%,4%,69%,97%,NULL
4,46,54%,83%,54%,2%,50%,39%,85%,78%,43%,95%,44%,7%,49%,41%,NULL
4,47,87%,81%,81%,21%,37%,91%,7%,53%,23%,8%,76%,28%,87%,66%,NULL
4,48,2%,11%,76%,23%,3%,88%,65%,3%,84%,70%,62%,15%,52%,70%,NULL
4,49,6%,18%,8%,58%,11%,29%,44%,32%,59%,48%,61%,31%,63%,11%,NULL
4,50,73%,84%,6%,41%,21%,75%,9%,84%,72%,56%,99%,86%,25%,95%,NULL
4,51,39%,25%,75%,12%,44%,96%,31%,3%,3%,67%,51%,85%,7%,24%,NULL
4,52,15%,56%,13%,94%,19%,89%,19%,78%,59%,10%,67%,13%,2%,23%,NULL
5,1,NULL,75%,85%,63%,79%,73%,1%,52%,74%,2%,30%,55%,89%,NULL,NULL
5,2,NULL,73%,31%,91%,87%,34%,30%,80%,7%,40%,2%,78%,97%,NULL,NULL
5,3,NULL,4%,65%,91%,51%,51%,84%,84%,71%,31%,57%,79%,45%,NULL,NULL
5,4,NULL,88%,11%,17%,84%,97%,84%,9%,11%,38%,90%,93%,99%,NULL,NULL
5,5,NULL,82%,13%,10%,3%,86%,37%,86%,97%,90%,88%,9%,6%,NULL,NULL
5,6,NULL,87%,29%,64%,98%,57%,16%,26%,74%,65%,49%,1%,26%,NULL,NULL
5,7,NULL,59%,89%,8%,35%,56%,18%,35%,17%,20%,6%,83%,6%,NULL,NULL
5,8,NULL,1%,30%,64%,78%,28%,79%,98%,7%,60%,34%,98%,98%,NULL,NULL
5,9,NULL,96%,17%,50%,21%,67%,37%,19%,97%,78%,80%,42%,42%,NULL,NULL
5,10,NULL,69%,27%,24%,79%,83%,16%,98%,30%,31%,8%,10%,96%,NULL,NULL
5,11,NULL,83%,26%,31%,66%,27%,19%,79%,67%,19%,17%,22%,95%,NULL,NULL
5,12,NULL,43%,100%,55%,10%,70%,45%,30%,15%,80%,100%,67%,13%,NULL,NULL
5,13,NULL,98%,40%,47%,5%,54%,13%,100%,18%,33%,35%,61%,38%,NULL,NULL
5,14,NULL,53%,22%,63%,50%,82%,59%,4%,55%,14%,33%,53%,20%,NULL,NULL
5,15,NULL,71%,21%,50%,83%,99%,63%,37%,27%,25%,92%,98%,67%,NULL,NULL
5,16,NULL,18%,7%,86%,51%,25%,91%,80%,56%,2%,45%,33%,84%,NULL,NULL
5,17,NULL,53%,22%,86%,24%,100%,66%,76%,48%,65%,7%,10%,84%,NULL,NULL
5,18,NULL,65%,56%,2%,34%,57%,87%,84%,62%,71%,63%,18%,28%,NULL,NULL
5,19,NULL,43%,57%,97%,97%,79%,27%,49%,12%,21%,83%,50%,14%,NULL,NULL
5,20,NULL,67%,26%,4%,58%,91%,3%,84%,72%,32%,53%,69%,8%,NULL,NULL
5,21,NULL,51%,50%,21%,19%,66%,74%,32%,52%,23%,90%,51%,28%,NULL,NULL
5,22,NULL,92%,87%,55%,75%,70%,5%,7%,21%,13%,49%,46%,27%,NULL,NULL
5,23,NULL,72%,2%,2%,8%,81%,4%,88%,15%,88%,55%,5%,34%,NULL,NULL
5,24,NULL,50%,67%,54%,86%,19%,92%,32%,41%,72%,27%,56%,53%,NULL,NULL
5,25,NULL,1%,47%,78%,45%,76%,61%,33%,19%,45%,31%,77%,21%,NULL,NULL
5,26,NULL,46%,84%,75%,40%,58%,92%,77%,31%,35%,93%,40%,77%,NULL,NULL
5,27,NULL,91%,37%,17%,8%,77%,27%,61%,63%,31%,15%,7%,91%,NULL,NULL
5,28,NULL,59%,5%,61%,79%,61%,68%,8%,96%,82%,42%,71%,67%,NULL,NULL
5,29,NULL,69%,85%,65%,70%,43%,27%,25%,84%,72%,51%,58%,23%,NULL,NULL
5,30,NULL,89%,71%,42%,74%,72%,38%,71%,45%,78%,48%,53%,16%,NULL,NULL
5,31,NULL,9%,20%,95%,91%,19%,43%,47%,45%,75%,4%,96%,33%,NULL,NULL
5,32,NULL,67%,78%,44%,56%,7%,41%,66%,96%,61%,44%,17%,69%,NULL,NULL
5,33,NULL,18%,35%,7%,92%,34%,2%,53%,47%,80%,85%,17%,3%,NULL,NULL
5,34,NULL,65%,31%,64%,71%,36%,89%,58%,75%,78%,65%,88%,15%,NULL,NULL
5,35,NULL,56%,77%,91%,36%,26%,15%,47%,4%,16%,69%,42%,22%,NULL,NULL
5,36,NULL,69%,59%,99%,28%,43%,47%,46%,16%,100%,61%,27%,53%,NULL,NULL
5,37,NULL,6%,67%,55%,59%,60%,43%,59%,39%,66%,67%,16%,2%,NULL,NULL
5,38,NULL,83%,1%,31%,33%,84%,82%,60%,14%,98%,48%,30%,57%,NULL,NULL
5,39,NULL,85%,36%,77%,69%,43%,43%,51%,79%,53%,31%,66%,97%,NULL,NULL
5,40,NULL,60%,47%,63%,91%,55%,72%,9%,41%,66%,21%,35%,94%,NULL,NULL
5,41,NULL,4%,83%,73%,77%,23%,66%,52%,72%,9%,92%,65%,7%,NULL,NULL
5,42,NULL,54%,13%,73%,73%,26%,32%,89%,41%,61%,18%,86%,81%,NULL,NULL
5,43,NULL,49%,95%,6%,83%,96%,51%,70%,65%,43%,29%,76%,86%,NULL,NULL
5,44,NULL,70%,1%,25%,48%,22%,8%,83%,92%,1%,3%,36%,34%,NULL,NULL
5,45,NULL,1%,79%,59%,58%,22%,32%,37%,46%,10%,11%,30%,3%,NULL,NULL
5,46,NULL,20%,14%,62%,91%,88%,90%,99%,36%,94%,57%,41%,6%,NULL,NULL
5,47,NULL,35%,61%,84%,67%,9%,46%,33%,93%,10%,56%,86%,7%,NULL,NULL
5,48,NULL,56%,19%,12%,55%,3%,17%,36%,39%,100%,66%,13%,80%,NULL,NULL
5,49,NULL,18%,24%,25%,51%,58%,46%,58%,5%,67%,83%,30%,84%,NULL,NULL
5,50,NULL,91%,30%,54%,11%,46%,75%,96%,18%,97%,51%,76%,75%,NULL,NULL
5,51,NULL,89%,87%,70%,55%,76%,97%,42%,36%,41%,38%,93%,69%,NULL,NULL
5,52,NULL,84%,40%,100%,91%,35%,32%,100%,13%,42%,89%,9%,91%,NULL,NULL
6,1,NULL,2%,100%,75%,26%,5%,13%,65%,46%,68%,79%,NULL,NULL,NULL,NULL
6,2,NULL,42%,9%,70%,54%,91%,71%,46%,12%,33%,8%,NULL,NULL,NULL,NULL
6,3,NULL,37%,82%,82%,29%,97%,68%,20%,77%,94%,14%,NULL,NULL,NULL,NULL
6,4,NULL,86%,64%,41%,84%,73%,82%,36%,51%,64%,33%,NULL,NULL,NULL,NULL
6,5,NULL,89%,49%,54%,22%,55%,55%,44%,57%,48%,89%,NULL,NULL,NULL,NULL
6,6,NULL,20%,53%,81%,31%,61%,35%,27%,78%,7%,26%,NULL,NULL,NULL,NULL
6,7,NULL,62%,29%,58%,23%,90%,19%,77%,52%,99%,11%,NULL,NULL,NULL,NULL
6,8,NULL,87%,35%,30%,11%,5%,96%,46%,70%,3%,16%,NULL,NULL,NULL,NULL
6,9,NULL,9%,50%,48%,23%,62%,3%,62%,60%,42%,22%,NULL,NULL,NULL,NULL
6,10,NULL,81%,73%,86%,62%,28%,69%,33%,84%,7%,89%,NULL,NULL,NULL,NULL
6,11,NULL,45%,7%,62%,26%,47%,67%,91%,40%,57%,32%,NULL,NULL,NULL,NULL
6,12,NULL,13%,93%,1%,3%,68%,92%,58%,23%,26%,41%,NULL,NULL,NULL,NULL
6,13,NULL,91%,72%,67%,100%,17%,81%,33%,64%,56%,59%,NULL,NULL,NULL,NULL
6,14,NULL,27%,83%,7%,57%,57%,38%,92%,69%,51%,95%,NULL,NULL,NULL,NULL
6,15,NULL,9%,55%,47%,87%,77%,11%,95%,95%,11%,4%,NULL,NULL,NULL,NULL
6,16,NULL,51%,64%,64%,77%,86%,49%,94%,88%,40%,100%,NULL,NULL,NULL,NULL
6,17,NULL,96%,33%,69%,7%,53%,76%,46%,43%,12%,47%,NULL,NULL,NULL,NULL
6,18,NULL,9%,79%,11%,91%,93%,46%,44%,66%,50%,79%,NULL,NULL,NULL,NULL
6,19,NULL,1%,83%,77%,13%,44%,29%,5%,64%,60%,12%,NULL,NULL,NULL,NULL
6,20,NULL,8%,33%,91%,37%,56%,16%,35%,75%,92%,84%,NULL,NULL,NULL,NULL
6,21,NULL,19%,41%,31%,5%,45%,80%,92%,6%,13%,16%,NULL,NULL,NULL,NULL
6,22,NULL,7%,97%,97%,61%,84%,13%,21%,44%,48%,31%,NULL,NULL,NULL,NULL
6,23,NULL,81%,9%,55%,87%,30%,76%,90%,3%,16%,46%,NULL,NULL,NULL,NULL
6,24,NULL,46%,42%,48%,49%,68%,17%,41%,52%,60%,71%,NULL,NULL,NULL,NULL
6,25,NULL,58%,37%,64%,80%,88%,40%,48%,43%,7%,83%,NULL,NULL,NULL,NULL
6,26,NULL,66%,61%,6%,59%,45%,32%,40%,60%,67%,80%,NULL,NULL,NULL,NULL
6,27,NULL,75%,81%,22%,87%,25%,27%,41%,64%,14%,3%,NULL,NULL,NULL,NULL
6,28,NULL,99%,82%,30%,40%,13%,44%,64%,39%,90%,95%,NULL,NULL,NULL,NULL
6,29,NULL,9%,5%,85%,91%,3%,37%,79%,78%,42%,33%,NULL,NULL,NULL,NULL
6,30,NULL,68%,75%,70%,64%,93%,100%,63%,78%,48%,95%,NULL,NULL,NULL,NULL
6,31,NULL,88%,59%,58%,64%,89%,27%,29%,64%,78%,5%,NULL,NULL,NULL,NULL
6,32,NULL,100%,77%,43%,65%,89%,61%,35%,59%,25%,28%,NULL,NULL,NULL,NULL
6,33,NULL,35%,97%,15%,8%,14%,43%,78%,60%,84%,61%,NULL,NULL,NULL,NULL
6,34,NULL,95%,93%,2%,36%,66%,79%,48%,62%,79%,28%,NULL,NULL,NULL,NULL
6,35,NULL,13%,84%,97%,64%,59%,93%,72%,93%,8%,91%,NULL,NULL,NULL,NULL
6,36,NULL,52%,40%,73%,24%,47%,39%,96%,9%,41%,98%,NULL,NULL,NULL,NULL
6,37,NULL,55%,32%,61%,53%,63%,93%,73%,71%,16%,54%,NULL,NULL,NULL,NULL
6,38,NULL,86%,15%,92%,99%,67%,12%,80%,7%,86%,22%,NULL,NULL,NULL,NULL
6,39,NULL,88%,79%,53%,22%,18%,64%,49%,32%,5%,50%,NULL,NULL,NULL,NULL
6,40,NULL,11%,59%,83%,46%,93%,36%,39%,23%,34%,15%,NULL,NULL,NULL,NULL
6,41,NULL,36%,95%,19%,16%,92%,49%,43%,84%,22%,95%,NULL,NULL,NULL,NULL
6,42,NULL,3%,35%,95%,98%,92%,72%,34%,56%,17%,66%,NULL,NULL,NULL,NULL
6,43,NULL,39%,84%,42%,21%,49%,3%,21%,16%,65%,21%,NULL,NULL,NULL,NULL
6,44,NULL,67%,50%,91%,47%,38%,7%,6%,65%,46%,24%,NULL,NULL,NULL,NULL
6,45,NULL,83%,38%,53%,94%,16%,32%,74%,66%,64%,6%,NULL,NULL,NULL,NULL
6,46,NULL,83%,30%,46%,3%,40%,38%,56%,88%,16%,19%,NULL,NULL,NULL,NULL
6,47,NULL,53%,72%,90%,43%,14%,41%,15%,96%,17%,64%,NULL,NULL,NULL,NULL
6,48,NULL,8%,28%,63%,72%,96%,11%,7%,51%,20%,36%,NULL,NULL,NULL,NULL
6,49,NULL,92%,96%,97%,69%,38%,61%,63%,73%,94%,52%,NULL,NULL,NULL,NULL
6,50,NULL,69%,43%,9%,27%,19%,50%,86%,23%,73%,72%,NULL,NULL,NULL,NULL
6,51,NULL,73%,69%,63%,42%,53%,44%,89%,61%,39%,13%,NULL,NULL,NULL,NULL
6,52,NULL,67%,21%,47%,19%,25%,1%,46%,25%,2%,83%,NULL,NULL,NULL,NULL
7,1,NULL,8%,7%,47%,90%,96%,91%,67%,43%,30%,NULL,NULL,NULL,NULL,NULL
7,2,NULL,6%,31%,78%,93%,98%,91%,78%,71%,37%,NULL,NULL,NULL,NULL,NULL
7,3,NULL,6%,32%,13%,95%,99%,100%,60%,61%,8%,NULL,NULL,NULL,NULL,NULL
7,4,NULL,7%,6%,35%,99%,96%,90%,70%,32%,5%,NULL,NULL,NULL,NULL,NULL
7,5,NULL,6%,39%,72%,99%,94%,92%,65%,76%,13%,NULL,NULL,NULL,NULL,NULL
7,6,NULL,1%,14%,21%,94%,98%,91%,80%,78%,26%,NULL,NULL,NULL,NULL,NULL
7,7,NULL,2%,12%,53%,90%,97%,94%,68%,67%,17%,NULL,NULL,NULL,NULL,NULL
7,8,NULL,4%,7%,42%,93%,92%,91%,64%,34%,17%,NULL,NULL,NULL,NULL,NULL
7,9,NULL,7%,24%,42%,100%,93%,95%,61%,38%,9%,NULL,NULL,NULL,NULL,NULL
7,10,NULL,1%,11%,41%,93%,99%,95%,71%,33%,15%,NULL,NULL,NULL,NULL,NULL
7,11,NULL,8%,24%,40%,93%,96%,92%,68%,16%,6%,NULL,NULL,NULL,NULL,NULL
7,12,NULL,9%,31%,31%,97%,100%,97%,77%,56%,13%,NULL,NULL,NULL,NULL,NULL
7,13,NULL,8%,25%,77%,92%,100%,99%,75%,68%,30%,NULL,NULL,NULL,NULL,NULL
7,14,NULL,6%,5%,79%,90%,93%,97%,66%,80%,25%,NULL,NULL,NULL,NULL,NULL
7,15,NULL,0%,20%,12%,97%,90%,93%,62%,75%,31%,NULL,NULL,NULL,NULL,NULL
7,16,NULL,9%,10%,24%,92%,98%,99%,67%,12%,6%,NULL,NULL,NULL,NULL,NULL
7,17,NULL,0%,17%,54%,97%,90%,97%,75%,69%,40%,NULL,NULL,NULL,NULL,NULL
7,18,NULL,10%,16%,41%,90%,98%,100%,67%,19%,24%,NULL,NULL,NULL,NULL,NULL
7,19,NULL,10%,28%,36%,97%,99%,98%,78%,61%,26%,NULL,NULL,NULL,NULL,NULL
7,20,NULL,1%,6%,37%,94%,93%,100%,71%,36%,22%,NULL,NULL,NULL,NULL,NULL
7,21,NULL,5%,20%,32%,97%,90%,91%,73%,10%,11%,NULL,NULL,NULL,NULL,NULL
7,22,NULL,8%,7%,70%,94%,98%,100%,68%,10%,19%,NULL,NULL,NULL,NULL,NULL
7,23,NULL,5%,19%,64%,96%,92%,99%,71%,53%,23%,NULL,NULL,NULL,NULL,NULL
7,24,NULL,8%,18%,74%,98%,97%,96%,64%,23%,11%,NULL,NULL,NULL,NULL,NULL
7,25,NULL,4%,34%,42%,90%,99%,93%,71%,61%,8%,NULL,NULL,NULL,NULL,NULL
7,26,NULL,10%,15%,23%,92%,100%,99%,66%,60%,33%,NULL,NULL,NULL,NULL,NULL
7,27,NULL,4%,37%,20%,93%,93%,96%,72%,37%,19%,NULL,NULL,NULL,NULL,NULL
7,28,NULL,5%,5%,22%,95%,91%,100%,76%,34%,39%,NULL,NULL,NULL,NULL,NULL
7,29,NULL,5%,7%,36%,95%,99%,91%,71%,66%,15%,NULL,NULL,NULL,NULL,NULL
7,30,NULL,0%,25%,26%,99%,91%,93%,68%,59%,25%,NULL,NULL,NULL,NULL,NULL
7,31,NULL,1%,8%,59%,92%,95%,100%,66%,78%,29%,NULL,NULL,NULL,NULL,NULL
7,32,NULL,8%,5%,22%,93%,93%,98%,71%,41%,34%,NULL,NULL,NULL,NULL,NULL
7,33,NULL,7%,20%,15%,90%,94%,92%,71%,63%,13%,NULL,NULL,NULL,NULL,NULL
7,34,NULL,9%,21%,43%,98%,96%,90%,75%,75%,37%,NULL,NULL,NULL,NULL,NULL
7,35,NULL,3%,23%,21%,98%,95%,93%,71%,12%,5%,NULL,NULL,NULL,NULL,NULL
7,36,NULL,6%,29%,55%,100%,94%,98%,79%,75%,37%,NULL,NULL,NULL,NULL,NULL
7,37,NULL,7%,24%,42%,100%,92%,97%,75%,21%,32%,NULL,NULL,NULL,NULL,NULL
7,38,NULL,10%,11%,27%,92%,91%,93%,61%,48%,36%,NULL,NULL,NULL,NULL,NULL
7,39,NULL,4%,9%,43%,95%,96%,95%,73%,43%,5%,NULL,NULL,NULL,NULL,NULL
7,40,NULL,5%,16%,48%,97%,93%,93%,68%,77%,37%,NULL,NULL,NULL,NULL,NULL
7,41,NULL,5%,21%,48%,97%,93%,100%,70%,14%,19%,NULL,NULL,NULL,NULL,NULL
7,42,NULL,1%,7%,75%,98%,99%,93%,62%,27%,40%,NULL,NULL,NULL,NULL,NULL
7,43,NULL,4%,22%,68%,98%,97%,98%,66%,32%,6%,NULL,NULL,NULL,NULL,NULL
7,44,NULL,9%,11%,73%,90%,95%,91%,69%,72%,33%,NULL,NULL,NULL,NULL,NULL
7,45,NULL,4%,7%,41%,97%,90%,97%,74%,75%,37%,NULL,NULL,NULL,NULL,NULL
7,46,NULL,2%,11%,63%,93%,100%,91%,68%,77%,32%,NULL,NULL,NULL,NULL,NULL
7,47,NULL,0%,28%,34%,93%,97%,92%,75%,30%,27%,NULL,NULL,NULL,NULL,NULL
7,48,NULL,5%,27%,70%,92%,97%,93%,63%,42%,13%,NULL,NULL,NULL,NULL,NULL
7,49,NULL,1%,13%,42%,90%,99%,90%,69%,65%,20%,NULL,NULL,NULL,NULL,NULL
7,50,NULL,10%,11%,58%,90%,95%,95%,63%,24%,24%,NULL,NULL,NULL,NULL,NULL
7,51,NULL,7%,19%,39%,96%,92%,94%,67%,75%,39%,NULL,NULL,NULL,NULL,NULL
7,52,NULL,10%,36%,15%,97%,100%,97%,62%,73%,29%,NULL,NULL,NULL,NULL,NULL